token,farmerline_count,phoneme_dataset_count,in_farmerline,in_phoneme_dataset,unicode_name,unicode_category
.,0,1,False,True,,
a,141,102,True,True,,
"a,",0,16,False,True,,
aaron,0,1,False,True,,
aaron.,0,1,False,True,,
aba,8,5,True,True,,
"aba,",0,1,False,True,,
"abantenten,",0,1,False,True,,
"abedeɛ,",0,1,False,True,,
aben,1,0,True,False,,
aberempɔn,0,1,False,True,,
abesi,1,0,True,False,,
abisa,1,0,True,False,,
aboa,4,0,True,False,,
"abodwo,",0,1,False,True,,
abohene,1,0,True,False,,
abooboo,0,1,False,True,,
abooboo.,0,1,False,True,,
aboro,1,0,True,False,,
abosom,0,1,False,True,,
abosonsɛm,0,1,False,True,,
aboterɛ,2,0,True,False,,
abotire,0,1,False,True,,
aboɔ,0,3,False,True,,
"aboɔ,",0,1,False,True,,
aboɔdenneɛ,0,1,False,True,,
abraham,3,0,True,False,,
abranteɛ,1,0,True,False,,
abrɛ,1,0,True,False,,
abua,0,1,False,True,,
abufuo,1,0,True,False,,
abusua,2,1,True,True,,
abusuafoɔ,1,0,True,False,,
abɔ,3,2,True,True,,
abɔfoɔ,0,1,False,True,,
"abɔfoɔ,",0,1,False,True,,
abɔfra,0,1,False,True,,
abɔnefoɔ,0,2,False,True,,
"abɔsoɔ,",0,1,False,True,,
abɛn,1,1,True,True,,
abɛyɛ,2,0,True,False,,
adaadaa,1,0,True,False,,
adagye,1,0,True,False,,
adaka,1,1,True,True,,
adamfo,1,0,True,False,,
adamfofa,1,0,True,False,,
"adan,",0,1,False,True,,
adansefo,1,0,True,False,,
adansefoɔ,1,0,True,False,,
adanseɛ,0,2,False,True,,
adansie,2,0,True,False,,
adasamma,2,0,True,False,,
ade,4,0,True,False,,
adehunu,0,1,False,True,,
adehunu.,0,1,False,True,,
adehyedie,0,1,False,True,,
adekyɛde,1,0,True,False,,
adesua,2,0,True,False,,
adeɛ,7,5,True,True,,
adi,2,2,True,True,,
adidibea,0,1,False,True,,
adidiiɛ,0,1,False,True,,
adidiiɛ;,0,1,False,True,,
"adie,",0,1,False,True,,
adim,1,0,True,False,,
adisɛm,1,0,True,False,,
adiyifoɔ,0,2,False,True,,
adiyism,1,0,True,False,,
adom,1,1,True,True,,
adu.,0,1,False,True,,
aduaba,0,1,False,True,,
aduanan,3,0,True,False,,
"aduanan,",0,1,False,True,,
aduane,2,1,True,True,,
aduasa,0,1,False,True,,
aduhwam,0,1,False,True,,
aduo,1,0,True,False,,
aduonu,8,2,True,True,,
aduonum,1,0,True,False,,
aduosia.,0,1,False,True,,
aduru,0,1,False,True,,
aduɔwɔtwe,0,1,False,True,,
adwen,1,0,True,False,,
adwene,2,1,True,True,,
adwenemu,1,0,True,False,,
adwennini,0,1,False,True,,
adwuma,14,1,True,True,,
adɔdeɛ,0,1,False,True,,
adɛn,4,1,True,True,,
adɛnti,1,0,True,False,,
afa,1,1,True,True,,
afe,3,1,True,True,,
afeha,2,0,True,False,,
afei,6,6,True,True,,
afi,2,0,True,False,,
afiase,0,1,False,True,,
"afiase,",0,1,False,True,,
afie!,0,1,False,True,,
afie.,0,1,False,True,,
"afire,",0,1,False,True,,
afiri,4,7,True,True,,
afoforo,4,0,True,False,,
afoforɔ,1,0,True,False,,
afrafrafoɔ,0,1,False,True,,
africa,1,0,True,False,,
afrɛ,0,1,False,True,,
afuo,0,2,False,True,,
afuom,0,1,False,True,,
afɔdeɛ,0,4,False,True,,
"afɔdeɛ,",0,1,False,True,,
"afɔrebɔdeɛ,",0,1,False,True,,
afɛfɛdeɛ,0,1,False,True,,
agenda,1,0,True,False,,
agu,0,1,False,True,,
agya,3,2,True,True,,
agyanom,1,0,True,False,,
agyapadeɛ,1,0,True,False,,
agyapayin,1,0,True,False,,
"agyataburuwa,",0,1,False,True,,
agye,2,0,True,False,,
agyede,1,0,True,False,,
agyedeɛ,1,0,True,False,,
agyina,2,0,True,False,,
ahankron,1,0,True,False,,
ahantan,0,1,False,True,,
"ahantan,",0,1,False,True,,
ahanu,0,1,False,True,,
ahanum,0,2,False,True,,
ahemfo,0,12,False,True,,
"ahemfo,",0,1,False,True,,
ahenni,2,0,True,False,,
ahennie,1,2,True,True,,
"ahennie,",0,1,False,True,,
ahikam,0,1,False,True,,
"ahinanan,",0,1,False,True,,
ahodeɛ,0,1,False,True,,
ahodoɔ,1,2,True,True,,
ahodwan,0,1,False,True,,
ahodwiri,0,1,False,True,,
"ahodwirideɛ,",0,1,False,True,,
ahoni,0,1,False,True,,
ahonim,0,1,False,True,,
ahonyade,1,0,True,False,,
ahorow,2,0,True,False,,
ahotefoɔ,0,1,False,True,,
ahoɔden,2,1,True,True,,
"ahoɔden,",0,1,False,True,,
ahoɔdenfoɔ,0,1,False,True,,
ahua,0,1,False,True,,
ahuhudeɛ.,0,1,False,True,,
ahum,0,2,False,True,,
ahummɔbɔ,1,0,True,False,,
ahurisie,0,1,False,True,,
ahweaseɛ.,0,1,False,True,,
ahwɛ,0,1,False,True,,
ahye,0,1,False,True,,
"ahyia,",0,1,False,True,,
ahyiaeɛ,0,1,False,True,,
ahyɛ,1,3,True,True,,
ahyɛn,0,1,False,True,,
ahɔhoɔ,1,1,True,True,,
aka,2,0,True,False,,
akanyan,1,0,True,False,,
akatua,1,1,True,True,,
akokɔ,0,1,False,True,,
akor,0,1,False,True,,
akron,1,0,True,False,,
akuakuo,0,1,False,True,,
akwampaedwuma,1,0,True,False,,
"akwan,",0,1,False,True,,
akwatafoɔ,0,1,False,True,,
akyekye,2,0,True,False,,
akyerɛ,5,3,True,True,,
akyi,4,2,True,True,,
akyidini,1,0,True,False,,
akyire.,0,1,False,True,,
akyiri,0,5,False,True,,
akyirikyiri,0,2,False,True,,
akɔ,2,1,True,True,,
akɔ.,0,1,False,True,,
akɔduru,0,1,False,True,,
akɔko,0,1,False,True,,
akɔmfoɔ,0,1,False,True,,
akɔnnɔ,0,1,False,True,,
akɔntuo,1,0,True,False,,
akɔsua,1,0,True,False,,
akɔyɛ,1,0,True,False,,
akɛseɛ,0,1,False,True,,
ama,12,11,True,True,,
amaama.,0,1,False,True,,
"amamfo,",0,2,False,True,,
amamfrafoɔ,0,1,False,True,,
amampanyin,1,0,True,False,,
amamra,1,0,True,False,,
aman,1,0,True,False,,
amanaman,0,3,False,True,,
amanyɔsɛm,1,0,True,False,,
amanɔne,1,0,True,False,,
"amen,",0,1,False,True,,
amena,0,1,False,True,,
amfa,0,1,False,True,,
amfi,1,0,True,False,,
amfiri,0,1,False,True,,
amma,0,1,False,True,,
"amonfoɔ,",0,3,False,True,,
ampa,1,0,True,False,,
amplia.,0,1,False,True,,
amɛhyɛ,0,1,False,True,,
an,1,0,True,False,,
anaa,5,3,True,True,,
anaa!,0,1,False,True,,
anaa?,0,2,False,True,,
anaasɛ,0,1,False,True,,
anadwo,1,2,True,True,,
anania!,0,1,False,True,,
anante,1,0,True,False,,
anantwie,0,1,False,True,,
anantwinini,0,1,False,True,,
anhyia,0,1,False,True,,
anhyɛ,0,1,False,True,,
ani,6,8,True,True,,
"ani,",0,1,False,True,,
anibereɛ,0,1,False,True,,
anidasoɔ,0,1,False,True,,
anidie,0,1,False,True,,
anigye,4,0,True,False,,
anigyesɛm,1,0,True,False,,
anigyina,0,1,False,True,,
anika,0,1,False,True,,
anim,0,2,False,True,,
"anim,",0,3,False,True,,
anim.,0,1,False,True,,
anim;,0,1,False,True,,
animuonyam,0,3,False,True,,
animuonyam.,0,1,False,True,,
anini,0,1,False,True,,
aniso,1,0,True,False,,
anisoadehunu,0,1,False,True,,
anisɔ,1,0,True,False,,
aniwa,0,1,False,True,,
anka,0,1,False,True,,
ankasa,1,0,True,False,,
ankyɛ,4,0,True,False,,
ankɔ,1,0,True,False,,
ankɔbeahene,0,1,False,True,,
ano,3,5,True,True,,
"ano,",0,1,False,True,,
anom.,0,1,False,True,,
ansa,1,1,True,True,,
"ansa,",0,1,False,True,,
ansɛ,1,0,True,False,,
anuanom,3,3,True,True,,
"anuanom,",0,1,False,True,,
anum,1,0,True,False,,
anwanwadeɛ,0,1,False,True,,
anwea,0,1,False,True,,
anya,1,1,True,True,,
anyɛ,0,2,False,True,,
apaeɛ.,0,1,False,True,,
apapafoɔ,1,0,True,False,,
apem,1,0,True,False,,
apollos,1,0,True,False,,
aponnwa,0,1,False,True,,
apueeɛ,0,1,False,True,,
apɔnkɔ,0,1,False,True,,
apɛ,1,0,True,False,,
ara,6,10,True,True,,
arabia,0,1,False,True,,
arthur,1,0,True,False,,
asa,1,1,True,True,,
asa.,0,1,False,True,,
asaase,3,0,True,False,,
asadeɛ,0,1,False,True,,
asaf,0,1,False,True,,
asafo,6,6,True,True,,
asafohene,0,2,False,True,,
"asafohene,",0,1,False,True,,
asafommɔpanyinfoɔ,2,0,True,False,,
asane,0,1,False,True,,
asase,3,16,True,True,,
asdod,0,1,False,True,,
ase,10,8,True,True,,
"ase,",0,1,False,True,,
ase.,0,1,False,True,,
aseda,1,0,True,False,,
asem,3,0,True,False,,
asene,1,2,True,True,,
aseɛ,1,1,True,True,,
asi,1,2,True,True,,
asiane,0,1,False,True,,
asie,1,0,True,False,,
asinfua,1,0,True,False,,
askelon,0,1,False,True,,
aso,0,1,False,True,,
"aso,",0,1,False,True,,
asoa,0,1,False,True,,
asodideɛ,0,2,False,True,,
asomafo,2,0,True,False,,
asomafoɔ,1,0,True,False,,
asomdwoe,1,0,True,False,,
asomdwoeɛ,0,1,False,True,,
asomfo,1,0,True,False,,
asotwe,0,1,False,True,,
asotwe.,0,1,False,True,,
asra,1,0,True,False,,
asua,2,0,True,False,,
asuafo,1,0,True,False,,
asuafoɔ,0,1,False,True,,
asɔfoɔ,1,4,True,True,,
asɔhwɛ,1,0,True,False,,
asɔmfoɔ,2,0,True,False,,
asɔrefie,0,2,False,True,,
asɛ,1,0,True,False,,
asɛdeɛ,1,0,True,False,,
asɛm,18,8,True,True,,
asɛmasɛm,1,0,True,False,,
asɛmbisa,2,0,True,False,,
asɛmisa,1,0,True,False,,
asɛmmisa,8,0,True,False,,
asɛmmɔne,0,1,False,True,,
asɛmpa,3,0,True,False,,
asɛmpɛfoɔ,0,1,False,True,,
asɛnhwasɛm,1,0,True,False,,
ataa,0,1,False,True,,
atamfoɔ,0,1,False,True,,
ate,2,0,True,False,,
ateasefoɔ,0,1,False,True,,
atemmuo,0,1,False,True,,
atetekwaa,0,1,False,True,,
atifi,0,2,False,True,,
"atifi,",0,3,False,True,,
atitire,0,2,False,True,,
ato,0,1,False,True,,
atorofoɔ,0,1,False,True,,
atotɔ!,0,1,False,True,,
atu,0,1,False,True,,
atwa,0,1,False,True,,
atwe,0,1,False,True,,
atwene.,0,1,False,True,,
atwerɛfoɔ,0,1,False,True,,
atwetwe,1,0,True,False,,
atɛfoɔ,0,1,False,True,,
atɛn.,0,1,False,True,,
awaefoɔ,0,1,False,True,,
awarefo,1,0,True,False,,
awerɛhyem,2,0,True,False,,
awerɛhyɛmu,1,0,True,False,,
awie,1,0,True,False,,
awie?,0,1,False,True,,
awieeɛ,1,1,True,True,,
awoeɛ?,0,1,False,True,,
awofo,2,0,True,False,,
awofoɔ,0,1,False,True,,
awowɔ,0,1,False,True,,
awoɔ,0,1,False,True,,
awu,1,1,True,True,,
awufoɔ,0,4,False,True,,
awurade,1,41,True,True,,
"awurade,",0,5,False,True,,
awurade.,0,1,False,True,,
ayaresa.,0,1,False,True,,
ayaresabea,1,0,True,False,,
ayeyie,0,1,False,True,,
"ayuo,",0,1,False,True,,
ayɔnkofa,1,0,True,False,,
ayɛ,10,7,True,True,,
ayɛ.,0,3,False,True,,
ayɛ;,0,1,False,True,,
ba,5,11,True,True,,
"ba,",0,2,False,True,,
baa,3,7,True,True,,
baabi,1,1,True,True,,
baabiara,1,0,True,False,,
baako,13,2,True,True,,
"baako,",0,1,False,True,,
baako;,0,2,False,True,,
baarima,1,0,True,False,,
baasa,0,2,False,True,,
babaa,1,0,True,False,,
babel,0,1,False,True,,
babel.,0,1,False,True,,
babilon,1,0,True,False,,
bae,1,0,True,False,,
baeɛ,1,2,True,True,,
ban,2,0,True,False,,
baruk,0,1,False,True,,
basa,1,0,True,False,,
basafa,0,4,False,True,,
basan,0,2,False,True,,
bebree,2,3,True,True,,
bem,0,1,False,True,,
bepɔ,0,5,False,True,,
ber,1,0,True,False,,
bere,6,0,True,False,,
berenyinaa,1,0,True,False,,
berɛ,11,2,True,True,,
berɛnyina,1,0,True,False,,
betumi,1,0,True,False,,
bi,27,12,True,True,,
"bi,",0,1,False,True,,
bi.,0,1,False,True,,
biara,10,11,True,True,,
"biara,",0,3,False,True,,
bible,10,0,True,False,,
bie,0,2,False,True,,
biibi,1,0,True,False,,
bill,1,0,True,False,,
binom,1,0,True,False,,
bio,2,0,True,False,,
"bio,",0,2,False,True,,
bio.,0,1,False,True,,
bio:,0,1,False,True,,
bio?,0,1,False,True,,
biom,1,0,True,False,,
biribi,4,1,True,True,,
biribiara,2,2,True,True,,
bisa,2,0,True,False,,
blue,1,0,True,False,,
bo,1,1,True,True,,
boa,2,0,True,False,,
boaa,1,0,True,False,,
boasetɔ,1,0,True,False,,
bobe,0,2,False,True,,
bobesa,0,1,False,True,,
bobeturo,0,1,False,True,,
bogu,1,0,True,False,,
bonhwa,0,2,False,True,,
boro,0,1,False,True,,
boɔ,0,1,False,True,,
bra,4,0,True,False,,
bra.,0,1,False,True,,
bre,2,0,True,False,,
break,1,0,True,False,,
brɛ,1,1,True,True,,
brɛe.,0,1,False,True,,
bu,3,0,True,False,,
bus,0,1,False,True,,
busuani,0,1,False,True,,
butuu,0,1,False,True,,
bɔ,3,3,True,True,,
bɔdwesɛ,0,1,False,True,,
bɔne,2,4,True,True,,
"bɔne,",0,1,False,True,,
bɔɔ,4,1,True,True,,
bɛba,1,0,True,False,,
bɛboa,3,0,True,False,,
bɛbu,0,1,False,True,,
bɛbɔ,1,1,True,True,,
bɛbɔn,0,1,False,True,,
bɛdan,1,0,True,False,,
bɛdane,0,1,False,True,,
"bɛdie,",0,1,False,True,,
bɛgyeɛ,0,1,False,True,,
bɛhunu,0,1,False,True,,
"bɛhwɛ,",0,1,False,True,,
bɛhyira,1,0,True,False,,
bɛka,2,1,True,True,,
bɛkyerɛ,1,1,True,True,,
bɛkyɛ,1,0,True,False,,
bɛma,0,3,False,True,,
bɛn,8,2,True,True,,
bɛpata,0,1,False,True,,
bɛsane,0,1,False,True,,
bɛse,0,1,False,True,,
bɛsi,0,2,False,True,,
bɛsiesie,1,0,True,False,,
bɛso,1,0,True,False,,
bɛsum,0,1,False,True,,
bɛsɛpɛ,0,1,False,True,,
bɛtan,1,0,True,False,,
"bɛte,",0,1,False,True,,
bɛtena,2,0,True,False,,
bɛtenaa,0,1,False,True,,
bɛtie,0,1,False,True,,
bɛtim,0,1,False,True,,
bɛtumi,4,1,True,True,,
bɛtwerɛ,0,1,False,True,,
bɛtɔ,0,1,False,True,,
bɛtɛ,1,0,True,False,,
bɛwu,1,0,True,False,,
bɛyi,2,0,True,False,,
bɛyie,1,0,True,False,,
bɛyɛ,7,0,True,False,,
bɛyɛɛ,0,2,False,True,,
common,1,0,True,False,,
da,9,6,True,True,,
"da,",0,2,False,True,,
da.,0,1,False,True,,
daa,7,3,True,True,,
daa.,0,1,False,True,,
daakye,1,0,True,False,,
dabi,0,1,False,True,,
dadeɛ,0,1,False,True,,
dae,1,0,True,False,,
daeɛ,0,1,False,True,,
daeɛ!,0,1,False,True,,
"daeɛ,",0,1,False,True,,
damasko,0,2,False,True,,
"dan,",0,2,False,True,,
danfoɔ,0,1,False,True,,
dansefo,1,0,True,False,,
daso,1,0,True,False,,
dawid,2,5,True,True,,
dawidi,1,0,True,False,,
de,19,18,True,True,,
dea,0,1,False,True,,
"dea,",0,3,False,True,,
dea.,0,1,False,True,,
deda,0,1,False,True,,
"dedan,",0,1,False,True,,
demmire,0,2,False,True,,
den,4,1,True,True,,
"den,",0,2,False,True,,
den.,0,1,False,True,,
"dendeenden,",0,1,False,True,,
denden.,0,1,False,True,,
dennen,1,0,True,False,,
deɛ,4,23,True,True,,
"deɛ,",0,7,False,True,,
deɛ.,0,1,False,True,,
deɛ;,0,1,False,True,,
deɛ?,0,1,False,True,,
deɛn,1,0,True,False,,
di,5,3,True,True,,
die,1,0,True,False,,
"die,",0,1,False,True,,
dii,0,1,False,True,,
din,4,8,True,True,,
din.,0,1,False,True,,
disarmament,1,0,True,False,,
diyifoɔ,0,1,False,True,,
dn,1,0,True,False,,
dodo,1,0,True,False,,
dodoɔ,0,3,False,True,,
dompe,0,1,False,True,,
dot,2,0,True,False,,
du,11,1,True,True,,
dubaako,5,0,True,False,,
dubaako.,0,1,False,True,,
dumienu,1,0,True,False,,
duminynsa,1,0,True,False,,
dumiɛnsa,1,0,True,False,,
dummienu,1,0,True,False,,
dummiɛnsa.,0,1,False,True,,
dumnwɔtwe,1,0,True,False,,
dunan,4,0,True,False,,
dunkron,1,0,True,False,,
dunkrɔn,1,0,True,False,,
dunnan,1,0,True,False,,
dunnum,1,0,True,False,,
dunon,1,0,True,False,,
dunsia,4,0,True,False,,
"dunsia,",0,1,False,True,,
dunson,1,0,True,False,,
dunum,1,0,True,False,,
dwendwene,1,0,True,False,,
dwennini,0,1,False,True,,
dwetɛ,0,2,False,True,,
dwirii,0,1,False,True,,
dwom,0,1,False,True,,
dwom.,0,1,False,True,,
dwontoɔ,0,1,False,True,,
dwuma,1,0,True,False,,
dwɛɛ,0,1,False,True,,
dɔ,3,2,True,True,,
"dɔ,",0,1,False,True,,
dɔben,1,0,True,False,,
dɔfo,1,1,True,True,,
dɔfoɔ,0,1,False,True,,
"dɔfoɔ,",0,1,False,True,,
dɔm,0,2,False,True,,
dɔɔ,1,0,True,False,,
dɔɔso,0,2,False,True,,
dɔɔso.,0,1,False,True,,
dɛn,13,1,True,True,,
dɛn?,0,1,False,True,,
ebi,2,2,True,True,,
ebia,1,1,True,True,,
ebifii,1,0,True,False,,
ebinom,1,1,True,True,,
edi,4,0,True,False,,
edikan,1,0,True,False,,
edom,1,1,True,True,,
edu,1,0,True,False,,
efeso,1,0,True,False,,
efesofo,1,0,True,False,,
efi,0,1,False,True,,
efie,0,6,False,True,,
efiri,2,0,True,False,,
efisɛ,2,0,True,False,,
efraim,0,3,False,True,,
ehia,1,0,True,False,,
ehu,1,0,True,False,,
ekron,0,1,False,True,,
elam,0,1,False,True,,
eleasa,0,2,False,True,,
elisa,0,1,False,True,,
email,1,0,True,False,,
emu,1,2,True,True,,
enkanka,1,0,True,False,,
enni,2,0,True,False,,
enti,4,2,True,True,,
enuonyam,1,0,True,False,,
esiane,3,0,True,False,,
esua,1,0,True,False,,
esuade,1,0,True,False,,
esubo,1,0,True,False,,
ewiem,0,1,False,True,,
ewo,1,0,True,False,,
exodus,1,0,True,False,,
fa,2,4,True,True,,
"fa,",0,1,False,True,,
fa;,0,1,False,True,,
faa,1,1,True,True,,
fafiri,1,0,True,False,,
fam,2,2,True,True,,
fam.,0,1,False,True,,
farao,0,2,False,True,,
farisifoɔ,0,1,False,True,,
fasuo,0,1,False,True,,
fata,1,0,True,False,,
federico,1,0,True,False,,
fedi,1,0,True,False,,
fidie.,0,1,False,True,,
fie,3,7,True,True,,
"fie,",0,1,False,True,,
fie.,0,1,False,True,,
fii,1,0,True,False,,
filistifoɔ,0,2,False,True,,
finlandfoɔ,1,0,True,False,,
firi,5,3,True,True,,
firii,1,7,True,True,,
foforo,2,0,True,False,,
foforɔ,3,2,True,True,,
for,1,0,True,False,,
foro,0,1,False,True,,
frɛ,1,0,True,False,,
frɛfrɛɛ,0,1,False,True,,
frɛɛ,0,2,False,True,,
funi,0,1,False,True,,
future,1,0,True,False,,
fɔm,1,0,True,False,,
"fɔtɔe,",0,1,False,True,,
fɛ,1,0,True,False,,
fɛdie,0,1,False,True,,
galatiafoɔ,1,0,True,False,,
galatifoɔ,1,0,True,False,,
galileafoɔ,0,1,False,True,,
gasa,0,1,False,True,,
gideon,1,0,True,False,,
gilead,0,1,False,True,,
gomora,2,0,True,False,,
gui.,0,1,False,True,,
guo,0,1,False,True,,
"guo,",0,1,False,True,,
guu,0,3,False,True,,
gyata,0,1,False,True,,
gye,4,3,True,True,,
gyee,0,1,False,True,,
gyidi,1,0,True,False,,
gyidie,3,0,True,False,,
gyigye,1,0,True,False,,
gyina,2,0,True,False,,
"gyina,",0,1,False,True,,
gyinaa,1,0,True,False,,
gyinae,1,0,True,False,,
gyinaesi,1,0,True,False,,
"gyinagyina,",0,1,False,True,,
ha,1,1,True,True,,
"hanam,",0,1,False,True,,
hene,0,2,False,True,,
hene.,0,2,False,True,,
henok,1,0,True,False,,
hesekia,0,1,False,True,,
hia,2,0,True,False,,
hilkia,0,1,False,True,,
hini,0,2,False,True,,
hintidua,1,0,True,False,,
hiob,3,0,True,False,,
ho,58,30,True,True,,
"ho,",0,4,False,True,,
ho.,0,5,False,True,,
ho;,0,2,False,True,,
hokwan,3,0,True,False,,
homeda,1,0,True,False,,
homedi,1,0,True,False,,
honam,2,1,True,True,,
honhom,6,4,True,True,,
honkwan,1,0,True,False,,
hosa,0,1,False,True,,
hosiana,0,1,False,True,,
hu,3,3,True,True,,
"hui,",0,1,False,True,,
hunsuro,1,0,True,False,,
hunu,1,1,True,True,,
hunuu,0,2,False,True,,
huraeɛ,0,1,False,True,,
hwamhwam,0,1,False,True,,
hwan,1,1,True,True,,
hwayɛ,2,0,True,False,,
"hwee,",0,1,False,True,,
hwee;,0,1,False,True,,
hwehwɛ.,0,1,False,True,,
hwehwɛmu,1,0,True,False,,
hwereɛ,1,0,True,False,,
hwɛ,4,0,True,False,,
"hwɛ,",0,4,False,True,,
hyehyɛ,0,1,False,True,,
hyehyɛ.,0,1,False,True,,
hyeɛ,0,2,False,True,,
hyeɛ.,0,1,False,True,,
hyia,3,0,True,False,,
hyiaɛ,1,0,True,False,,
hyiraa,1,0,True,False,,
hyɛ,2,3,True,True,,
hyɛeɛ,0,1,False,True,,
hyɛɛ,3,3,True,True,,
hɔ,13,15,True,True,,
"hɔ,",0,3,False,True,,
hɔ.,0,6,False,True,,
hɔ;,0,2,False,True,,
hɔhoɔ.,0,1,False,True,,
hɛn,1,0,True,False,,
ikonium,0,1,False,True,,
intanɛt,1,0,True,False,,
internet,2,0,True,False,,
isak,0,1,False,True,,
israel,1,6,True,True,,
"israel,",0,2,False,True,,
israelfo,1,0,True,False,,
israelfoɔ,1,3,True,True,,
israelfoɔ.,0,1,False,True,,
itamar,0,2,False,True,,
"iye-haabarim,",0,1,False,True,,
jephthah,2,0,True,False,,
joel,1,0,True,False,,
jose,1,0,True,False,,
july,1,0,True,False,,
jw,2,0,True,False,,
ka,14,8,True,True,,
kaa,2,4,True,True,,
kae,5,0,True,False,,
kaeɛ,1,0,True,False,,
kain,0,1,False,True,,
kakra,1,0,True,False,,
kakra.,0,1,False,True,,
kakyere,1,0,True,False,,
kan,9,0,True,False,,
kan.,0,1,False,True,,
kaneadua,0,1,False,True,,
kasa,1,1,True,True,,
kase,2,0,True,False,,
kataa,0,1,False,True,,
keka,0,1,False,True,,
kenaana,0,1,False,True,,
kenkan,4,0,True,False,,
kenso,1,0,True,False,,
ketewa,1,0,True,False,,
kinka,1,0,True,False,,
ko;,0,1,False,True,,
koma,3,0,True,False,,
konkurowa;,0,1,False,True,,
kora,0,1,False,True,,
koraa,3,0,True,False,,
korakora,1,0,True,False,,
korakora.,0,1,False,True,,
korintofo,1,0,True,False,,
koro,0,2,False,True,,
kosi,2,0,True,False,,
kotokuo,0,1,False,True,,
kra,0,5,False,True,,
krataa,1,0,True,False,,
kristo,2,6,True,True,,
kristofo,2,0,True,False,,
kristofoɔ,3,0,True,False,,
kristoni,1,0,True,False,,
kronkron,4,0,True,False,,
kronkronbea,0,1,False,True,,
kum,1,0,True,False,,
kuma,1,0,True,False,,
kumfɔ,1,0,True,False,,
kuo,1,0,True,False,,
kura,0,2,False,True,,
kuro,0,7,False,True,,
kuruwa,0,1,False,True,,
kusi,0,1,False,True,,
kwa,1,1,True,True,,
"kwa,",0,2,False,True,,
kwan,5,4,True,True,,
"kwan,",0,1,False,True,,
kwan.,0,2,False,True,,
kwan;,0,1,False,True,,
kwaya,1,0,True,False,,
kyekyere,1,0,True,False,,
kyer,1,0,True,False,,
kyere,0,1,False,True,,
kyerɛ,8,3,True,True,,
kyerɛkyerɛɛ,2,0,True,False,,
kyerɛwsɛm,1,0,True,False,,
kyerɛɛ,2,8,True,True,,
"kyinhyia,",0,1,False,True,,
kyini,0,1,False,True,,
kyɛ.,0,1,False,True,,
kɔ,5,5,True,True,,
kɔbisa,1,0,True,False,,
kɔeɛ,0,1,False,True,,
kɔhyiaa,0,2,False,True,,
kɔkasa,0,1,False,True,,
kɔkyeree,0,1,False,True,,
kɔkɔɔ,2,0,True,False,,
kɔmaa,0,1,False,True,,
kɔn,0,2,False,True,,
kɔntɔnkrɔn.,0,1,False,True,,
kɔpem,1,0,True,False,,
kɔsi,1,3,True,True,,
kɔsii,0,6,False,True,,
kɔsisii,0,1,False,True,,
kɔtoo,0,1,False,True,,
kɔɔ,0,6,False,True,,
kɛkɛ,2,0,True,False,,
kɛnkan,3,0,True,False,,
kɛse,1,0,True,False,,
kɛseɛ,3,3,True,True,,
lalani,1,0,True,False,,
lewifoɔ,0,2,False,True,,
listra,0,1,False,True,,
living,1,0,True,False,,
luka,3,0,True,False,,
m'anom,1,0,True,False,,
ma,24,10,True,True,,
"ma,",0,1,False,True,,
ma.,0,1,False,True,,
maa,2,3,True,True,,
maame,3,0,True,False,,
mabo,1,0,True,False,,
maburuburo,0,1,False,True,,
mabɛyi,0,1,False,True,,
mabɛyɛ,1,0,True,False,,
madanedane,0,1,False,True,,
madwuma,1,0,True,False,,
mafiri,0,2,False,True,,
magyan,0,1,False,True,,
magye,1,0,True,False,,
mahu,0,1,False,True,,
mahyɛ,0,1,False,True,,
maka,0,1,False,True,,
"maka,",0,1,False,True,,
mako,1,0,True,False,,
makoa,0,1,False,True,,
makoma,0,1,False,True,,
"makyi,",0,1,False,True,,
makyiri,0,1,False,True,,
malawi,1,0,True,False,,
mama,0,3,False,True,,
mampene,1,0,True,False,,
man,0,5,False,True,,
man.,0,1,False,True,,
manase,0,1,False,True,,
mannyaa,0,1,False,True,,
manoa;,0,1,False,True,,
manwu,0,1,False,True,,
manya,1,1,True,True,,
mapo,1,0,True,False,,
martin,1,0,True,False,,
maso,0,2,False,True,,
mate,1,1,True,True,,
mateo,1,0,True,False,,
matifi,0,1,False,True,,
matoaa,0,1,False,True,,
matontɔn,0,1,False,True,,
matɛ.,0,1,False,True,,
mawurade,0,1,False,True,,
mayi,0,1,False,True,,
mayɛ,0,1,False,True,,
me,21,40,True,True,,
"me,",0,6,False,True,,
me.,0,2,False,True,,
mebusɛm,1,0,True,False,,
mede,0,3,False,True,,
medi,1,0,True,False,,
media,0,1,False,True,,
medɔ,1,1,True,True,,
mefrɛ,0,1,False,True,,
megyee,0,1,False,True,,
mehwɛ,1,0,True,False,,
mehyɛɛ,0,1,False,True,,
meka,1,2,True,True,,
mekasa,0,1,False,True,,
mekyerɛ,0,2,False,True,,
mekɔɔ,1,0,True,False,,
mema,0,1,False,True,,
memaa,0,2,False,True,,
memfa,1,0,True,False,,
mene,0,1,False,True,,
menim,0,1,False,True,,
menni,0,1,False,True,,
mennom,0,1,False,True,,
mennye,0,1,False,True,,
mepɛ,1,0,True,False,,
merema,0,1,False,True,,
merensɛe,0,1,False,True,,
merenyane,0,1,False,True,,
meriba,2,0,True,False,,
mesrɛ,0,2,False,True,,
mesu,0,1,False,True,,
metee,1,1,True,True,,
metreaase,1,0,True,False,,
metumi,1,0,True,False,,
metwerɛ,1,0,True,False,,
mewu,1,0,True,False,,
meyɛ,0,1,False,True,,
mfaso,1,0,True,False,,
mfasoɔ,1,0,True,False,,
mfatoho,1,0,True,False,,
mfee,1,0,True,False,,
mfeɛ,1,2,True,True,,
mfi,1,0,True,False,,
"mfifirii,",0,1,False,True,,
mfiri,0,3,False,True,,
mfirii,0,1,False,True,,
mfomsoɔ,1,0,True,False,,
mfoni,1,0,True,False,,
mfonini,1,0,True,False,,
mframa,0,3,False,True,,
mfrɛ,0,1,False,True,,
mfɛfoɔ,1,0,True,False,,
miamiaa,0,1,False,True,,
mika,1,0,True,False,,
millions,1,0,True,False,,
misraimhene,0,1,False,True,,
mma,6,19,True,True,,
"mma,",0,1,False,True,,
mmaa,2,1,True,True,,
mmabaa,0,1,False,True,,
mmabaaberɛ,0,1,False,True,,
mmabanin,0,2,False,True,,
mmammaa,0,1,False,True,,
"mmammaa,",0,1,False,True,,
mmammaa.,0,1,False,True,,
mmammarima,0,1,False,True,,
mmapɔmma,0,2,False,True,,
mmara,0,1,False,True,,
mmarasudie,1,0,True,False,,
mmarato,0,1,False,True,,
mmarima,0,1,False,True,,
mmepɔ,0,3,False,True,,
mmeranteɛ,0,1,False,True,,
mmerɛ,0,1,False,True,,
mmiensa,4,0,True,False,,
mmienu,19,2,True,True,,
"mmienu,",0,2,False,True,,
mmienu.,0,1,False,True,,
mmirika,0,3,False,True,,
mmiɛnsa,12,0,True,False,,
"mmiɛnsa,",0,1,False,True,,
mmo,1,0,True,False,,
mmoa,2,2,True,True,,
mmobomu,0,1,False,True,,
mmobɔeɛ,0,1,False,True,,
mmom,10,2,True,True,,
mmra,2,0,True,False,,
mmrantie,1,0,True,False,,
mmu,0,2,False,True,,
mmusuakuo.,0,1,False,True,,
mmɔ,0,1,False,True,,
mmɔborɔ,2,0,True,False,,
mmɔden,1,0,True,False,,
mmɔdeɛ,1,0,True,False,,
mmɔfra,0,2,False,True,,
mmɔre,0,1,False,True,,
mmɔreka.,0,1,False,True,,
mmɛn,0,1,False,True,,
mo,7,25,True,True,,
"mo,",0,1,False,True,,
moab,0,5,False,True,,
"moab,",0,1,False,True,,
moabfoɔ,0,1,False,True,,
moadi,0,1,False,True,,
moahunu.,0,1,False,True,,
moayɛ,1,1,True,True,,
mobdi,1,0,True,False,,
mobua,0,1,False,True,,
mobɛhunu,0,1,False,True,,
mode,0,1,False,True,,
modwene,1,0,True,False,,
mogya,0,1,False,True,,
mokaeɛ,0,1,False,True,,
momma,1,1,True,True,,
mommfa,0,1,False,True,,
mommma,0,1,False,True,,
mommra,0,1,False,True,,
monhwehwɛ,0,1,False,True,,
monka,0,1,False,True,,
monkyea,0,1,False,True,,
monkɔ,0,2,False,True,,
monna,1,0,True,False,,
monni,0,2,False,True,,
monnim,1,0,True,False,,
monnnua,0,1,False,True,,
monnsisi,0,1,False,True,,
monnya,0,2,False,True,,
monnyaye,1,0,True,False,,
monnyɛ,0,1,False,True,,
monnɔ,0,1,False,True,,
monsɔre,0,1,False,True,,
montena,0,1,False,True,,
monto,0,1,False,True,,
montu,0,1,False,True,,
mordekai,0,1,False,True,,
mose,1,3,True,True,,
mose;,0,1,False,True,,
moteɛ,0,1,False,True,,
motontɔn,0,1,False,True,,
mowɔ,1,0,True,False,,
moyɛ,2,2,True,True,,
mpa,1,0,True,False,,
mpae,2,0,True,False,,
mpaepaeɛ,0,1,False,True,,
"mpaeɛ,",0,2,False,True,,
mpanimfie,0,2,False,True,,
mpanimfoɔ,0,2,False,True,,
"mpanimfoɔ,",0,1,False,True,,
mpanin,0,1,False,True,,
mpanyimfoɔ,1,0,True,False,,
mpanyinfo,1,0,True,False,,
mpanyinfoɔ,1,0,True,False,,
mpaperɛ,0,3,False,True,,
mpata,0,1,False,True,,
mpem,1,0,True,False,,
mpemha,0,1,False,True,,
mpire,0,1,False,True,,
mpo,6,0,True,False,,
"mpoano,",0,1,False,True,,
mpomma,0,1,False,True,,
mprenu,0,1,False,True,,
mprɛ,0,1,False,True,,
mprɛnsa,0,1,False,True,,
mprɛnson.,0,1,False,True,,
mpɛn,1,0,True,False,,
mpɛsɛmpɛsɛ,0,1,False,True,,
mu,45,46,True,True,,
"mu,",0,13,False,True,,
mu.,0,19,False,True,,
mu:,0,1,False,True,,
mu;,0,2,False,True,,
mu?,0,1,False,True,,
mufoɔ,1,1,True,True,,
mɛba,0,1,False,True,,
mɛma,0,1,False,True,,
mɛtwe,0,1,False,True,,
n'abrabɔ,1,0,True,False,,
n'ani,1,0,True,False,,
n'asɛdeɛ,1,0,True,False,,
n'asɛm,1,0,True,False,,
n'ebinom,1,0,True,False,,
na,131,270,True,True,,
nabasa,0,1,False,True,,
nadagya,0,1,False,True,,
nadum,0,1,False,True,,
nadwen,2,0,True,False,,
nadwuma,2,0,True,False,,
nadɔeɛ,0,1,False,True,,
naftali,0,1,False,True,,
nagya,0,2,False,True,,
nahantan,0,1,False,True,,
nahokyerɛ.,0,1,False,True,,
nahotefoɔ,0,1,False,True,,
nakyi,0,1,False,True,,
nakyi.,0,1,False,True,,
nam,1,2,True,True,,
"nam,",0,1,False,True,,
nan,8,0,True,False,,
nanim,0,1,False,True,,
"nanim,",0,2,False,True,,
nanso,12,5,True,True,,
"nantam,",0,1,False,True,,
nantin,0,1,False,True,,
nantwie,0,2,False,True,,
nasafohene,0,1,False,True,,
naso?,0,1,False,True,,
nasuafoɔ,0,1,False,True,,
nasɛm,0,1,False,True,,
natadeɛ,0,1,False,True,,
natiefo,1,0,True,False,,
nawofo,1,0,True,False,,
nayeyie,0,1,False,True,,
nazifo,1,0,True,False,,
ne,71,167,True,True,,
nea,29,0,True,False,,
nebo,0,1,False,True,,
nebusaradan,0,1,False,True,,
negeb,0,2,False,True,,
netania,0,1,False,True,,
never,1,0,True,False,,
newlands,1,0,True,False,,
ngo,1,2,True,True,,
"ngo,",0,1,False,True,,
ngodua,1,1,True,True,,
nguu,0,1,False,True,,
nhahan,0,1,False,True,,
nhoma,2,0,True,False,,
nhomahodoɔ,1,0,True,False,,
nhu,1,0,True,False,,
nhunta.,0,1,False,True,,
nhunu,1,0,True,False,,
nhunumu,0,1,False,True,,
nhunumufoɔ,0,1,False,True,,
nhwehwɛmu,1,0,True,False,,
nhwɛsoɔ,3,0,True,False,,
nhye,1,0,True,False,,
nhye.,0,1,False,True,,
nhyehyɛeɛ,2,0,True,False,,
nhyia.,0,1,False,True,,
nhyira,2,0,True,False,,
nhyɛaseɛ,0,1,False,True,,
ni,4,0,True,False,,
nidi,2,0,True,False,,
nie,1,0,True,False,,
nie.,0,3,False,True,,
nie:,0,3,False,True,,
nie?,0,1,False,True,,
nim,0,2,False,True,,
nimdeɛ,0,3,False,True,,
nimdie,1,0,True,False,,
ninkunu.,0,1,False,True,,
nipa,4,1,True,True,,
nipadua,0,1,False,True,,
nisoɔ,1,0,True,False,,
nka,5,2,True,True,,
nkaeɛ,0,3,False,True,,
nkakra,1,0,True,False,,
nketenkete,1,0,True,False,,
nko,3,1,True,True,,
nkoa,1,2,True,True,,
nkoaa,1,0,True,False,,
nkoasom,1,0,True,False,,
nkoayɛ,0,1,False,True,,
nkokoɔ,0,1,False,True,,
nkonimdifoɔ,0,1,False,True,,
nkonta,0,1,False,True,,
nkorabata,1,0,True,False,,
nkorɔfo,1,0,True,False,,
nkotokuo,0,1,False,True,,
nkrantɛ,0,1,False,True,,
nkron,3,1,True,True,,
nkronnkron,1,0,True,False,,
nkrɔfo,2,0,True,False,,
nkuran,1,0,True,False,,
nkuranhye,1,0,True,False,,
nkuro,0,3,False,True,,
nkurɔfo,3,0,True,False,,
nkurɔfokuo,0,2,False,True,,
nkurɔfoɔ,7,1,True,True,,
nkwa,1,3,True,True,,
"nkwa,",0,2,False,True,,
nkwa.,0,1,False,True,,
nkwagyeɛ,1,2,True,True,,
nkyekyem,1,0,True,False,,
nkyekymu,1,0,True,False,,
nkyekyɛm,20,0,True,False,,
nkyekyɛmu,28,0,True,False,,
"nkyene,",0,1,False,True,,
nkyerɛ,1,0,True,False,,
nkyerɛkyerɛ,2,0,True,False,,
nkyerɛkyerɛmu,1,0,True,False,,
nkyiresua,0,1,False,True,,
nkyɛmu,1,0,True,False,,
nkyɛn,4,9,True,True,,
"nkyɛn,",0,2,False,True,,
nkɔ,0,2,False,True,,
nkɔ.,0,1,False,True,,
nkɔm,0,1,False,True,,
nkɔmhyɛ,1,0,True,False,,
nkɔntorɔ,0,1,False,True,,
nkɔsom,0,1,False,True,,
nkɔsoɔ,0,1,False,True,,
nkɔyi,0,1,False,True,,
nna,0,3,False,True,,
nnamfo,2,0,True,False,,
nnamfoɔ,1,0,True,False,,
nnamso,1,0,True,False,,
nnan,3,1,True,True,,
nnan;,0,1,False,True,,
nnapɔnna,0,1,False,True,,
nne,2,1,True,True,,
nnebɔneyɛfoɔ,0,1,False,True,,
nneduafoɔ,0,1,False,True,,
nneyɛɛ,0,2,False,True,,
nneɛma,10,0,True,False,,
nni,1,9,True,True,,
nni!,0,1,False,True,,
nnim,0,1,False,True,,
nnipa,3,7,True,True,,
"nnka,",0,1,False,True,,
nnkyerɛ,1,0,True,False,,
nnni,0,1,False,True,,
nnomaa,0,1,False,True,,
nnome,0,1,False,True,,
nnommrifoɔ,1,0,True,False,,
nnoɔma,1,1,True,True,,
nnua,0,1,False,True,,
nnuanom,1,0,True,False,,
nnue!,0,1,False,True,,
nnum,2,0,True,False,,
nnuma,1,0,True,False,,
nnwan,1,1,True,True,,
nnwanhwɛfoɔ,0,1,False,True,,
"nnweneho,",0,1,False,True,,
nnwuma,1,0,True,False,,
nnya,0,3,False,True,,
nnye.,0,1,False,True,,
nnyi,1,0,True,False,,
nnyinasoɔ,0,3,False,True,,
nnyɛ,1,1,True,True,,
nnɛ,1,2,True,True,,
no,150,186,True,True,,
no!,0,1,False,True,,
"no,",0,38,False,True,,
no.,0,16,False,True,,
no:,0,1,False,True,,
no;,0,2,False,True,,
no?,0,1,False,True,,
noa,0,1,False,True,,
nohoa,0,1,False,True,,
nokorɛ,2,0,True,False,,
nokwafo,1,0,True,False,,
nokware,4,0,True,False,,
"nomee,",0,1,False,True,,
now,1,0,True,False,,
nsa,3,11,True,True,,
"nsa,",0,1,False,True,,
nsa.,0,2,False,True,,
nsabuo,0,1,False,True,,
nsam,0,1,False,True,,
"nsam,",0,3,False,True,,
nsam.,0,1,False,True,,
nsase,0,1,False,True,,
nsennenn,1,0,True,False,,
nsi,0,1,False,True,,
nsia,8,0,True,False,,
nsiane,0,1,False,True,,
nsisie,0,1,False,True,,
nso,16,13,True,True,,
nson,1,0,True,False,,
nson.,0,1,False,True,,
nsosɔeɛ,0,1,False,True,,
nsraban,0,2,False,True,,
nsu,1,2,True,True,,
nsuo,0,3,False,True,,
nsuom,1,0,True,False,,
nsuroo,0,1,False,True,,
nsɔ,2,0,True,False,,
nsɛm,7,3,True,True,,
ntaaboɔ,0,1,False,True,,
ntam,0,1,False,True,,
"ntam,",0,1,False,True,,
ntasuo,1,0,True,False,,
nte,1,0,True,False,,
ntease,1,0,True,False,,
nteaseɛ.,0,1,False,True,,
nteeɛ,0,1,False,True,,
"ntentensoɔ,",0,1,False,True,,
ntereho,0,1,False,True,,
nti,10,5,True,True,,
"nti,",0,2,False,True,,
ntia,1,0,True,False,,
ntira;,0,1,False,True,,
ntoatoasoɔ,0,1,False,True,,
ntoma,0,1,False,True,,
ntomadan,0,3,False,True,,
ntonto,0,2,False,True,,
ntotɔeɛ,0,2,False,True,,
ntroto,1,0,True,False,,
ntrɛm,1,0,True,False,,
ntumi,1,1,True,True,,
"nturo,",0,1,False,True,,
ntwa,0,1,False,True,,
ntwam,1,0,True,False,,
ntwe,0,1,False,True,,
ntweneduro.,0,1,False,True,,
ntwonoo,0,4,False,True,,
ntɔ,2,0,True,False,,
ntɔkwasɛm,0,1,False,True,,
ntɔteboa,0,1,False,True,,
ntɔɔ,0,1,False,True,,
ntɛm,1,1,True,True,,
"ntɛm,",0,1,False,True,,
ntɛtɛ.,0,1,False,True,,
nua,3,0,True,False,,
nuabaa,0,1,False,True,,
"nuabaa,",0,1,False,True,,
nuanom,2,3,True,True,,
num,4,0,True,False,,
"nwanwa,",0,1,False,True,,
nwoma,5,1,True,True,,
nwu;,0,1,False,True,,
nwɔtwe,3,0,True,False,,
nwɔtwe.,0,1,False,True,,
nya,1,1,True,True,,
nyaa,1,2,True,True,,
nyamessum,1,0,True,False,,
nyankopɔn,4,16,True,True,,
"nyankopɔn,",0,2,False,True,,
nyankopɔn.,0,1,False,True,,
nyansa,2,2,True,True,,
nyansafoɔ,0,1,False,True,,
nyerɛɛ,0,1,False,True,,
nyi,0,1,False,True,,
nyinaa,16,27,True,True,,
"nyinaa,",0,16,False,True,,
nyinaa.,0,4,False,True,,
nyinaa:,0,1,False,True,,
nyinaa;,0,1,False,True,,
nywie,2,0,True,False,,
nyɛ,1,3,True,True,,
o,0,1,False,True,,
obi,4,2,True,True,,
obiara,3,2,True,True,,
obimpofoɔ,1,0,True,False,,
"obonini,",0,1,False,True,,
obosuo,0,1,False,True,,
obot,0,1,False,True,,
ode,1,0,True,False,,
odi,1,0,True,False,,
odiyifoɔ,0,2,False,True,,
odwan,0,1,False,True,,
odwanefoɔ,0,1,False,True,,
odwen,1,0,True,False,,
ofi,1,0,True,False,,
"og,",0,1,False,True,,
ogya,0,3,False,True,,
ohunu,2,0,True,False,,
okristoni,0,1,False,True,,
okum,0,1,False,True,,
okyi,1,0,True,False,,
onifirani,0,1,False,True,,
onipa,0,6,False,True,,
onua,4,0,True,False,,
onuawa,1,0,True,False,,
onyame,0,1,False,True,,
onyankopɔn,15,4,True,True,,
"onyankopɔn,",0,1,False,True,,
onyansafoɔ,0,1,False,True,,
opempem,1,0,True,False,,
org,2,0,True,False,,
osu,1,0,True,False,,
otie,1,0,True,False,,
otumi,1,0,True,False,,
owia,0,3,False,True,,
owifoɔ,0,1,False,True,,
owofoɔ,1,0,True,False,,
owuo,1,1,True,True,,
oyi,1,3,True,True,,
pa,5,0,True,False,,
pa.,0,1,False,True,,
paa,8,0,True,False,,
paae,1,0,True,False,,
paara,1,0,True,False,,
pancake,1,0,True,False,,
panin,0,2,False,True,,
papa,2,0,True,False,,
paradise,1,0,True,False,,
"pasapasa,",0,1,False,True,,
pata,0,1,False,True,,
paul,5,0,True,False,,
paulo,2,2,True,True,,
pefee,1,0,True,False,,
peleg,0,1,False,True,,
pere,1,0,True,False,,
petro,3,0,True,False,,
"petro,",0,1,False,True,,
pia,0,1,False,True,,
pii,8,0,True,False,,
"pii,",0,1,False,True,,
pisga,0,1,False,True,,
po,0,1,False,True,,
poetzinger,2,0,True,False,,
ponkɛseɛ,0,1,False,True,,
pono,0,2,False,True,,
"pono,",0,1,False,True,,
posa,0,1,False,True,,
pradada,0,1,False,True,,
publio,0,1,False,True,,
puebea,0,1,False,True,,
putuo,0,1,False,True,,
pɔtee,1,0,True,False,,
pɛ,5,0,True,False,,
"pɛ,",0,1,False,True,,
pɛpɛɛpɛ,1,0,True,False,,
pɛɛ,0,1,False,True,,
qixiang,1,0,True,False,,
rafael,1,0,True,False,,
ramot-gilead.,0,1,False,True,,
rebɔ,1,0,True,False,,
rebɛgye,0,1,False,True,,
rebɛpata,0,1,False,True,,
rehu,0,1,False,True,,
rehye,0,1,False,True,,
reka,0,2,False,True,,
rekyekye,1,0,True,False,,
renhu,0,1,False,True,,
reu,0,1,False,True,,
reyɛ,1,0,True,False,,
romafoɔ,2,0,True,False,,
s,5,0,True,False,,
sa,1,1,True,True,,
saa,19,6,True,True,,
"saa,",0,1,False,True,,
"sabafoɔ,",0,1,False,True,,
sadukifoɔ,0,1,False,True,,
safat,0,1,False,True,,
sakaria,0,1,False,True,,
samuel,1,0,True,False,,
san,1,0,True,False,,
sane,0,1,False,True,,
satan,4,0,True,False,,
saul,1,0,True,False,,
saulo,0,1,False,True,,
se,3,0,True,False,,
sebulon,0,1,False,True,,
sedekia,0,1,False,True,,
see,0,1,False,True,,
seesei,1,0,True,False,,
seir,0,1,False,True,,
selemia,0,1,False,True,,
sen,1,0,True,False,,
sena,1,0,True,False,,
sene,2,4,True,True,,
sesae,1,0,True,False,,
sesak,0,1,False,True,,
seɛ,0,2,False,True,,
shɛma,1,0,True,False,,
si,6,1,True,True,,
siane,0,1,False,True,,
"siberɛ,",0,1,False,True,,
sidon,0,2,False,True,,
siiɛ,1,0,True,False,,
sija,1,0,True,False,,
sika,3,1,True,True,,
simri,0,1,False,True,,
sinai,1,0,True,False,,
siriafoɔ,0,3,False,True,,
sisiiɛ,1,0,True,False,,
slash,1,0,True,False,,
snkyerne,1,0,True,False,,
so,43,33,True,True,,
"so,",0,11,False,True,,
so.,0,9,False,True,,
so;,0,2,False,True,,
soar.,0,1,False,True,,
sodom,2,0,True,False,,
sofoɔ,0,1,False,True,,
solomon,2,0,True,False,,
som,4,0,True,False,,
somaa,1,2,True,True,,
somfoɔ,1,0,True,False,,
sora,0,1,False,True,,
soro,3,1,True,True,,
soronko,1,0,True,False,,
sorɔnsorɔmmea,0,1,False,True,,
south,1,0,True,False,,
soɔ,0,7,False,True,,
spain,1,0,True,False,,
srɛ,1,0,True,False,,
su,0,1,False,True,,
sua,0,1,False,True,,
suaa,1,0,True,False,,
suae,1,0,True,False,,
suahunu,1,0,True,False,,
suban,2,0,True,False,,
suesua,1,0,True,False,,
sui,0,1,False,True,,
sukuu,2,0,True,False,,
sumpii,0,1,False,True,,
sumpii;,0,1,False,True,,
suro,0,2,False,True,,
syeafo,1,0,True,False,,
sɔ,1,0,True,False,,
sɔfo,0,1,False,True,,
sɔhwɛ,1,0,True,False,,
sɔre,1,0,True,False,,
sɛ,149,74,True,True,,
sɛ:,0,28,False,True,,
sɛdeɛ,0,11,False,True,,
sɛe,0,1,False,True,,
sɛee,1,1,True,True,,
sɛeɛ,0,1,False,True,,
sɛeɛ.,0,1,False,True,,
sɛn,6,0,True,False,,
sɛnea,7,0,True,False,,
sɛneɛ,2,0,True,False,,
taaboɔ,0,1,False,True,,
taiwan,1,0,True,False,,
tamadan,1,0,True,False,,
tamfo,1,0,True,False,,
te,3,4,True,True,,
"te,",0,1,False,True,,
tebalia,0,1,False,True,,
tekoafoɔ,0,1,False,True,,
"tema,",0,1,False,True,,
tenabea,0,2,False,True,,
tenabea.,0,1,False,True,,
tene,0,1,False,True,,
teneneefoɔ,0,1,False,True,,
tententen,1,0,True,False,,
tesalonikafo,1,0,True,False,,
tete,1,0,True,False,,
tetee,1,0,True,False,,
tetɛ,1,0,True,False,,
teɛ,0,2,False,True,,
ti,26,0,True,False,,
tia,1,1,True,True,,
tiaa,0,1,False,True,,
timoteo,1,0,True,False,,
tirim,1,0,True,False,,
tirimpɔ,1,0,True,False,,
tirinwi,1,0,True,False,,
tiro,0,1,False,True,,
titi,1,0,True,False,,
titiriw,2,0,True,False,,
to,2,0,True,False,,
toa,0,1,False,True,,
togyefoɔ,0,1,False,True,,
tom,1,0,True,False,,
tony,2,0,True,False,,
too,0,2,False,True,,
"torofoɔ,",0,1,False,True,,
totorobɛnto,0,1,False,True,,
tra,0,1,False,True,,
tu,0,1,False,True,,
tua,2,1,True,True,,
tumfoɔ,1,0,True,False,,
tumi,6,3,True,True,,
turo,0,1,False,True,,
turo.,0,1,False,True,,
tuu,0,3,False,True,,
tw,1,0,True,False,,
twae,1,0,True,False,,
twe,0,1,False,True,,
twerɛsɛm,1,0,True,False,,
twetiatwa,1,0,True,False,,
tɔ,0,4,False,True,,
tɔnn.,0,1,False,True,,
tɛ,1,0,True,False,,
tɛkyerɛma,0,1,False,True,,
tɛsɛ,1,0,True,False,,
us,0,1,False,True,,
verilettu,1,0,True,False,,
video,1,0,True,False,,
wababa,1,0,True,False,,
wabrɛ,1,0,True,False,,
wabɔ,1,0,True,False,,
wadi,1,0,True,False,,
wadwene.,0,1,False,True,,
waeɛ,0,1,False,True,,
wahina,0,1,False,True,,
wahunu,0,1,False,True,,
wahwɛ,0,1,False,True,,
waka,0,1,False,True,,
waka.,0,1,False,True,,
wakoa,0,2,False,True,,
wakoma,0,2,False,True,,
wakoradeɛ,0,1,False,True,,
wakyerɛ,1,0,True,False,,
wama,1,0,True,False,,
wani,1,2,True,True,,
wanim,0,1,False,True,,
wanimuonyamfoɔ,0,1,False,True,,
wannya,0,1,False,True,,
wano,0,1,False,True,,
wanomu,0,1,False,True,,
wanyɛ,1,0,True,False,,
wapagya,1,0,True,False,,
ware.,0,1,False,True,,
wareeɛ,1,0,True,False,,
watadeɛ,0,1,False,True,,
watemmuo,0,1,False,True,,
wawieeɛ,0,1,False,True,,
wayi,0,1,False,True,,
wayɛ,1,0,True,False,,
wedare,0,1,False,True,,
wei,5,0,True,False,,
werɛ,4,1,True,True,,
wiase,1,0,True,False,,
wie,1,0,True,False,,
wieɛ,1,0,True,False,,
will,1,0,True,False,,
willie,1,0,True,False,,
willis,1,0,True,False,,
wo,20,28,True,True,,
"wo,",0,5,False,True,,
woabɔ,1,0,True,False,,
woakyerɛkyerɛ,0,1,False,True,,
woakɔ,2,0,True,False,,
woanom,0,1,False,True,,
woanya,1,0,True,False,,
woanyankɔsoɔ,1,0,True,False,,
woasane,0,1,False,True,,
woayɛ,0,1,False,True,,
wobɛboa,1,0,True,False,,
wobɛbɔ,1,0,True,False,,
wobɛfa,1,0,True,False,,
wobɛhu,1,0,True,False,,
wobɛhwɛ,1,0,True,False,,
wobɛka,1,0,True,False,,
wobɛnya,1,0,True,False,,
wobɛsi,1,0,True,False,,
wobɛtumi,2,0,True,False,,
wobɛyɛ,2,0,True,False,,
wode,1,2,True,True,,
wodi,1,1,True,True,,
wogyina,1,0,True,False,,
wohwɛ,1,0,True,False,,
wohyɛ,1,0,True,False,,
wokenkan,0,1,False,True,,
wom,2,1,True,True,,
wompere,1,0,True,False,,
won,2,0,True,False,,
wonnim,0,1,False,True,,
woo,0,1,False,True,,
wopɛ,1,0,True,False,,
woregya,0,1,False,True,,
wosakyera,0,1,False,True,,
wosua,1,0,True,False,,
wosuro,1,0,True,False,,
wosusuw,1,0,True,False,,
wote,0,1,False,True,,
woya,0,1,False,True,,
woyɛ,2,0,True,False,,
woɔ,0,3,False,True,,
wuiɛ,0,1,False,True,,
wura,0,3,False,True,,
"wura,",0,1,False,True,,
wura.,0,1,False,True,,
www,1,0,True,False,,
wɔ,39,16,True,True,,
wɔada,1,0,True,False,,
wɔadane,0,1,False,True,,
wɔadeda,0,1,False,True,,
wɔafiri,0,1,False,True,,
wɔaforo,0,1,False,True,,
wɔaho,1,0,True,False,,
wɔahunu,2,1,True,True,,
wɔahwire,0,1,False,True,,
wɔahye,1,0,True,False,,
wɔahyɛ,1,1,True,True,,
wɔakanyi,1,0,True,False,,
wɔama,0,1,False,True,,
wɔamfa,0,1,False,True,,
wɔamia,0,1,False,True,,
wɔanhunu.,0,1,False,True,,
wɔankum,0,1,False,True,,
wɔanyane,0,1,False,True,,
wɔasafo,1,0,True,False,,
wɔasan,1,0,True,False,,
wɔasene,0,1,False,True,,
wɔasum,0,1,False,True,,
wɔasusu,0,1,False,True,,
wɔasusuo,0,1,False,True,,
wɔasɛe,0,1,False,True,,
wɔateaseɛ,1,0,True,False,,
wɔato,1,0,True,False,,
wɔatontɔn,0,1,False,True,,
wɔatumi,2,0,True,False,,
wɔatwe,0,1,False,True,,
wɔatwitwa,0,1,False,True,,
wɔawedare,0,1,False,True,,
wɔawiawia,0,1,False,True,,
wɔayi,0,2,False,True,,
wɔbaa,0,2,False,True,,
wɔbere,0,1,False,True,,
wɔbisaa,0,1,False,True,,
wɔbobom,0,1,False,True,,
wɔbotoyɛ,1,0,True,False,,
wɔbu,1,1,True,True,,
wɔbuu,0,1,False,True,,
wɔbɔɔ,0,1,False,True,,
wɔbɛboa,0,1,False,True,,
wɔbɛkunkum,0,1,False,True,,
wɔbɛn,1,1,True,True,,
wɔbɛsom,0,1,False,True,,
wɔbɛsɛee,0,1,False,True,,
wɔbɛte,1,0,True,False,,
wɔbɛtumi,0,1,False,True,,
wɔbɛtwa,0,2,False,True,,
wɔbɛwie,0,1,False,True,,
wɔdaso,1,0,True,False,,
wɔde,10,14,True,True,,
wɔdi,1,0,True,False,,
wɔdii,0,1,False,True,,
wɔdɔ,1,0,True,False,,
wɔfirafiraa,0,1,False,True,,
wɔfiri,0,1,False,True,,
wɔfrɛ,1,0,True,False,,
wɔgyaa,1,0,True,False,,
wɔgye,0,1,False,True,,
wɔgyee,1,0,True,False,,
wɔgyina,0,2,False,True,,
wɔhunu,0,1,False,True,,
wɔhunuu,0,1,False,True,,
wɔhwehwɛɛ,0,1,False,True,,
wɔhyia,3,1,True,True,,
wɔhyiaaeɛ,1,0,True,False,,
wɔhyiahyiaa,0,1,False,True,,
wɔka,2,3,True,True,,
wɔkaa,0,4,False,True,,
wɔkaeɛ,0,1,False,True,,
wɔku,0,1,False,True,,
wɔkyerɛkyerɛ,1,0,True,False,,
wɔmemee,0,1,False,True,,
wɔmfa,0,6,False,True,,
wɔmmma,0,1,False,True,,
wɔmmɔ,0,1,False,True,,
wɔmmɛbɔ,0,1,False,True,,
wɔn,38,66,True,True,,
"wɔn,",0,4,False,True,,
wɔn.,0,3,False,True,,
wɔn;,0,2,False,True,,
wɔnam,0,1,False,True,,
wɔnni,1,0,True,False,,
wɔnnnane,0,1,False,True,,
"wɔnnni,",0,1,False,True,,
wɔnntu,0,1,False,True,,
wɔnnya,0,1,False,True,,
wɔnnyɛ,1,0,True,False,,
wɔnseɛ,0,1,False,True,,
wɔnsra,0,1,False,True,,
wɔnte,1,0,True,False,,
wɔnyi,0,1,False,True,,
wɔnyii,0,1,False,True,,
wɔnyɛ,2,1,True,True,,
wɔpoo,0,1,False,True,,
wɔpɔ,0,1,False,True,,
wɔpɛ,1,0,True,False,,
wɔreboa,1,0,True,False,,
wɔrebɛhwehwɛ,0,1,False,True,,
wɔrebɛyɛ,0,1,False,True,,
wɔrefiri,0,1,False,True,,
wɔrehyɛ,1,0,True,False,,
wɔrekasa,0,1,False,True,,
wɔrekɔ,0,1,False,True,,
wɔrenkyekyere,0,1,False,True,,
wɔrensuro,0,1,False,True,,
wɔresua,1,0,True,False,,
wɔsakyeraa,0,1,False,True,,
wɔse,0,1,False,True,,
wɔse:,0,1,False,True,,
wɔtaa,1,0,True,False,,
wɔtan,1,0,True,False,,
wɔte,1,2,True,True,,
wɔteateaa,0,1,False,True,,
wɔtete,0,1,False,True,,
wɔtoeɛ,0,1,False,True,,
wɔtu,0,1,False,True,,
wɔtwee,0,1,False,True,,
wɔtwerɛɛ,1,0,True,False,,
wɔtwɛ,1,0,True,False,,
wɔwae,0,1,False,True,,
wɔwea,0,1,False,True,,
wɔwoo,0,1,False,True,,
wɔwɔ,5,3,True,True,,
wɔyɛ,2,1,True,True,,
wɔyɛe,1,0,True,False,,
y,1,0,True,False,,
yadeɛ,1,0,True,False,,
yadeɛ.,0,1,False,True,,
yafunu,0,1,False,True,,
yakob,0,2,False,True,,
yakobo,2,0,True,False,,
yam,1,0,True,False,,
"yam,",0,1,False,True,,
yare,0,1,False,True,,
yaw,1,0,True,False,,
yde,1,0,True,False,,
yea.,0,1,False,True,,
yebetumi,2,0,True,False,,
yehoiada,0,1,False,True,,
yehoiakim,0,1,False,True,,
yehosabad,0,1,False,True,,
yehowa,40,0,True,False,,
yehu,2,0,True,False,,
yehudi,0,1,False,True,,
yei,0,2,False,True,,
yeinom,0,4,False,True,,
yeraa,0,1,False,True,,
yere,0,1,False,True,,
yeremia,2,1,True,True,,
yeriko,0,2,False,True,,
yerusalem,0,2,False,True,,
"yerusalem,",0,1,False,True,,
yesu,10,8,True,True,,
yesu.,0,1,False,True,,
yesua,1,0,True,False,,
yi,11,12,True,True,,
yi:,0,1,False,True,,
yi?,0,1,False,True,,
yie,6,0,True,False,,
yie.,0,1,False,True,,
yii,0,2,False,True,,
yiye,4,0,True,False,,
ykɔ,1,0,True,False,,
yoeɛ,1,0,True,False,,
yohane,3,0,True,False,,
yona.,0,1,False,True,,
yosef,1,4,True,True,,
yosua,0,1,False,True,,
yuda,1,6,True,True,,
yudafoɔ,0,1,False,True,,
yuu,0,1,False,True,,
yɛ,14,14,True,True,,
yɛ?,0,1,False,True,,
yɛabɛm,1,0,True,False,,
yɛadikan,1,0,True,False,,
yɛahwɛ,1,0,True,False,,
yɛanhwɛ,1,0,True,False,,
yɛankasa,1,0,True,False,,
yɛanya,1,0,True,False,,
yɛasɔ,1,0,True,False,,
yɛate,0,1,False,True,,
yɛatwerɛfoɔ,1,0,True,False,,
yɛawu.,0,1,False,True,,
yɛayɛ,0,1,False,True,,
yɛbom,1,0,True,False,,
yɛbrɛ,1,0,True,False,,
yɛbɔ,1,0,True,False,,
yɛbɛdwane?,0,1,False,True,,
yɛbɛforo,0,1,False,True,,
yɛbɛhunuu,1,0,True,False,,
yɛbɛhwɛ,1,0,True,False,,
yɛbɛhyɛne,0,1,False,True,,
yɛbɛka,1,0,True,False,,
yɛbɛkɔ,1,0,True,False,,
yɛbɛsan,1,0,True,False,,
yɛbɛsusu,1,0,True,False,,
yɛbɛtena,0,1,False,True,,
yɛbɛtumi,3,0,True,False,,
yɛbɛwuwu,0,1,False,True,,
yɛbɛwuwu;,0,1,False,True,,
yɛbɛyɛ,2,1,True,True,,
yɛda,1,0,True,False,,
yɛdane,0,1,False,True,,
yɛde,5,1,True,True,,
yɛdi,1,0,True,False,,
yɛdwendwen,1,0,True,False,,
yɛdɔ,1,0,True,False,,
yɛe,3,0,True,False,,
yɛgye,2,0,True,False,,
yɛhu,4,0,True,False,,
yɛhwehwɛ,1,0,True,False,,
yɛhwɛ,1,0,True,False,,
yɛhyɛ,1,0,True,False,,
yɛka,1,0,True,False,,
yɛkenkan,1,0,True,False,,
yɛkura,1,0,True,False,,
yɛm,1,0,True,False,,
yɛma,2,0,True,False,,
yɛmmerɛ,1,0,True,False,,
yɛmu,1,0,True,False,,
yɛn,50,19,True,True,,
yɛnhu,1,0,True,False,,
yɛnhwɛ,5,0,True,False,,
yɛnhyiam,1,0,True,False,,
yɛni,1,0,True,False,,
yɛnipa,1,0,True,False,,
yɛnkɔhwɛ,0,1,False,True,,
yɛnni,1,0,True,False,,
yɛnnka,1,0,True,False,,
yɛnsa,1,0,True,False,,
yɛnsakrae,1,0,True,False,,
yɛnsusu,1,0,True,False,,
yɛntum,1,0,True,False,,
yɛntumi,1,0,True,False,,
yɛnuanom,1,0,True,False,,
yɛnya,2,0,True,False,,
yɛnyinaa,2,0,True,False,,
yɛnyɛ,0,1,False,True,,
yɛpre,1,0,True,False,,
yɛre,1,0,True,False,,
yɛreka,1,0,True,False,,
yɛrepɛ,1,0,True,False,,
yɛse:,0,2,False,True,,
yɛsrɛ,0,1,False,True,,
yɛsua,2,0,True,False,,
yɛsusu,2,0,True,False,,
yɛtete,0,1,False,True,,
yɛtoa,1,0,True,False,,
yɛtuko,1,0,True,False,,
yɛtɔ,2,0,True,False,,
yɛwɔ,2,1,True,True,,
yɛyɛ,5,0,True,False,,
yɛyɛɛ,0,1,False,True,,
yɛɛ,1,1,True,True,,
ɔba,0,2,False,True,,
ɔbaa,2,1,True,True,,
ɔbaatankoro,1,0,True,False,,
ɔbabanin;,0,1,False,True,,
ɔbarima,2,1,True,True,,
ɔbonsam,1,0,True,False,,
ɔbooboo,1,0,True,False,,
ɔbrɛ,2,1,True,True,,
ɔbɔ,1,0,True,False,,
ɔbɔɔ,0,2,False,True,,
ɔbɛbɔ,1,1,True,True,,
ɔbɛdɔ,0,1,False,True,,
ɔbɛgya,0,1,False,True,,
ɔbɛgye,0,2,False,True,,
ɔbɛka,0,2,False,True,,
ɔbɛkora,0,1,False,True,,
ɔbɛn,0,1,False,True,,
ɔbɛsom,1,0,True,False,,
ɔbɛtumi,2,0,True,False,,
ɔbɛyɛ,2,3,True,True,,
ɔdaa,0,1,False,True,,
ɔde,4,4,True,True,,
ɔdehunufoɔ,0,1,False,True,,
ɔdi,0,1,False,True,,
ɔdii,0,3,False,True,,
ɔduruiɛ,0,1,False,True,,
ɔdwadeni,1,0,True,False,,
ɔdwene,1,0,True,False,,
ɔdɔ,3,0,True,False,,
"ɔdɔ,",0,1,False,True,,
ɔfaa,1,2,True,True,,
ɔfam,0,2,False,True,,
ɔfiri,0,3,False,True,,
ɔfirii,0,1,False,True,,
"ɔfom,",0,1,False,True,,
ɔfrɛɛ,0,1,False,True,,
"ɔfɛdifoɔ,",0,1,False,True,,
ɔgyefoɔ,0,1,False,True,,
ɔham,1,0,True,False,,
ɔhaw,3,0,True,False,,
ɔhene,2,7,True,True,,
ɔhu,0,1,False,True,,
ɔhunuu,0,1,False,True,,
ɔhuri,0,1,False,True,,
ɔhw,1,0,True,False,,
ɔhwɛ,1,0,True,False,,
ɔhyeɛ,0,1,False,True,,
ɔhyɛ,0,1,False,True,,
ɔhyɛn,0,1,False,True,,
ɔka,6,3,True,True,,
ɔkaa,0,3,False,True,,
ɔkaeɛ,0,1,False,True,,
ɔkasa,1,0,True,False,,
ɔkasaa,0,1,False,True,,
ɔkase,1,0,True,False,,
"ɔkwa,",0,1,False,True,,
ɔkwan,3,0,True,False,,
ɔkyena,0,1,False,True,,
ɔkyerɛ,2,0,True,False,,
ɔkyerɛkyerɛ,1,0,True,False,,
ɔkyi,1,0,True,False,,
ɔkɔ,1,0,True,False,,
ɔkɔhyɛne,0,1,False,True,,
ɔmaa,0,1,False,True,,
ɔman,1,8,True,True,,
ɔmmoa,1,0,True,False,,
ɔne,3,2,True,True,,
ɔnim,2,0,True,False,,
ɔnni,0,1,False,True,,
ɔnnɔ,0,1,False,True,,
ɔno,3,2,True,True,,
ɔnte,1,0,True,False,,
ɔnwo.,0,1,False,True,,
ɔnyaa,0,1,False,True,,
ɔnyanee,0,2,False,True,,
ɔnyiniiɛ,1,0,True,False,,
ɔnyon,1,0,True,False,,
ɔnyɛɛ,0,1,False,True,,
ɔpedu,0,1,False,True,,
ɔpeduonu.,0,1,False,True,,
ɔpepaa,0,1,False,True,,
ɔponoo,0,1,False,True,,
ɔpɛ,3,1,True,True,,
ɔrebom,0,1,False,True,,
ɔrebu,1,0,True,False,,
ɔredwane,0,1,False,True,,
ɔrennome,0,1,False,True,,
ɔrentena,0,1,False,True,,
ɔse:,0,3,False,True,,
ɔsesaa,1,0,True,False,,
ɔsom,5,0,True,False,,
ɔsomaa,0,1,False,True,,
ɔsomfoɔ,0,1,False,True,,
ɔsoro,0,2,False,True,,
ɔsrɛɛ,1,0,True,False,,
ɔsusuu,0,3,False,True,,
ɔsɔfoɔ,0,3,False,True,,
ɔsɔre,0,1,False,True,,
ɔsɔreeɛ,0,1,False,True,,
ɔsɛee,0,1,False,True,,
ɔte,1,1,True,True,,
ɔtena,1,0,True,False,,
ɔteneneeni,0,1,False,True,,
ɔtiatia,0,1,False,True,,
ɔto,0,1,False,True,,
ɔtoo,0,2,False,True,,
ɔtumi,1,0,True,False,,
ɔtɔn,0,1,False,True,,
ɔwia,0,1,False,True,,
ɔwoo,0,3,False,True,,
ɔwɔ,4,2,True,True,,
ɔyare,1,0,True,False,,
ɔyere,2,0,True,False,,
ɔyii,0,1,False,True,,
ɔyɛ,7,1,True,True,,
"ɔyɛeɛ,",0,1,False,True,,
ɔyɛɛ,1,1,True,True,,
ɛbaa,0,3,False,True,,
ɛbaeɛ,0,1,False,True,,
ɛberɛ,1,2,True,True,,
ɛboa,3,0,True,False,,
ɛbom,1,0,True,False,,
ɛbɔ,1,0,True,False,,
ɛbɛba,1,0,True,False,,
ɛbɛba.,0,1,False,True,,
ɛbɛboa,2,0,True,False,,
ɛbɛka,1,0,True,False,,
ɛbɛkɔ,0,1,False,True,,
ɛbɛma,4,0,True,False,,
ɛbɛtumi,5,0,True,False,,
ɛbɛyera.,0,1,False,True,,
ɛbɛyɛ,4,2,True,True,,
ɛda,0,4,False,True,,
ɛde,1,0,True,False,,
ɛden,1,0,True,False,,
ɛdeɛn,0,3,False,True,,
ɛdi,4,4,True,True,,
ɛdɔm,0,1,False,True,,
ɛdɛn,1,0,True,False,,
ɛfiri,2,11,True,True,,
ɛgyina,1,0,True,False,,
ɛha,1,0,True,False,,
ɛhia,2,2,True,True,,
ɛho,1,2,True,True,,
ɛhome,0,1,False,True,,
ɛhwue,1,0,True,False,,
ɛhyia,1,0,True,False,,
ɛhyira,1,0,True,False,,
ɛhyɛ,1,1,True,True,,
ɛka,1,0,True,False,,
ɛkyerɛ,1,2,True,True,,
ɛkyire,1,0,True,False,,
ɛkɔm,0,1,False,True,,
ɛma,1,0,True,False,,
ɛmaa,2,0,True,False,,
ɛna,1,0,True,False,,
ɛnam,0,2,False,True,,
ɛnde,1,0,True,False,,
ɛne,2,2,True,True,,
ɛnhyɛ,1,0,True,False,,
ɛnie:,0,1,False,True,,
ɛnkyɛ,1,0,True,False,,
ɛnna,0,6,False,True,,
ɛnneɛ,0,3,False,True,,
ɛnnɛ,3,0,True,False,,
"ɛnnɛ,",0,1,False,True,,
ɛno,3,1,True,True,,
ɛnsan,1,0,True,False,,
ɛnsɛ,4,0,True,False,,
ɛnte,0,1,False,True,,
ɛntene,1,0,True,False,,
ɛntoboa,1,0,True,False,,
ɛnyɛ,6,2,True,True,,
ɛpo,0,3,False,True,,
ɛpono,0,4,False,True,,
ɛrebɛma,0,1,False,True,,
ɛrensi,0,1,False,True,,
ɛserɛ,0,1,False,True,,
ɛsi,0,1,False,True,,
ɛsiane,1,0,True,False,,
ɛsii,2,0,True,False,,
ɛso,0,1,False,True,,
ɛsɔɔ,0,1,False,True,,
ɛsɛ,13,2,True,True,,
ɛsɛe,1,0,True,False,,
ɛte,4,2,True,True,,
ɛtene.,0,1,False,True,,
ɛteɛ,0,1,False,True,,
ɛto,2,0,True,False,,
ɛtwa,1,0,True,False,,
ɛtwam,1,0,True,False,,
ɛtɔ,6,0,True,False,,
ɛwom,1,0,True,False,,
ɛwowɔ,0,1,False,True,,
ɛwuo,0,1,False,True,,
ɛwɔ,5,4,True,True,,
ɛwɔm,1,0,True,False,,
ɛyɛ,16,5,True,True,,
"ɛyɛ,",0,1,False,True,,
ɛyɛɛ,0,1,False,True,,
